date,level,tag,message,op_tags,sum_content_text
2025/9/16 9:47,INFO,sum_yy,"用户：小知老师，今天妈妈带着出去玩了，到明天才能回来，等她回来，我就先把今天的课补上
用户：小男孩想蛋糕，小女孩想熊娃娃，嗯，皇帝想，皇帝想猎鹰，大熊猫想出去，我想吃苹果。
老师：你得，你好厉害呀，每次这种句式都拦不住你，你能从故事当中把他们给讲出来，还能从自己身上去给他造句呢，太厉害了。
用户：等一下。西瓜、甜瓜、哈密瓜、红豆、绿豆、大土豆，嗯芒，苹果，芒果，奇异果，嗯，禾苗蒜苗，禾苗蒜苗少树苗。
老师：收到收到米了，你太棒了，这周的汉语小精灵已经变成儿歌，宝贝你都已经会唱了，那姐姐周六的时候还有个汉语精灵的小游戏呢，到时候咱们宝贝也可以尝试回顾一下今天的故事也讲得很棒哟。
用户：瓜果，果汁，豆荚，嗯。火鸟。
用户：小心姐姐，我说完了。
老师：好嘞好嘞，看来这一周的很小心明因我们米乐宝贝掌握的牢牢的呢，组词也是非常准确的。",M3,"课程表现：孩子能从故事中总结句式并造句，会唱汉语小精灵儿歌，掌握本周内容且组词准确
行为习惯：
生活情况：家长带孩子出去玩，明天回来后补今天的课
家长需求：
规划安排：
沟通态度：回复积极"
2025/9/16 9:38,INFO,sum_yy,"老师：这是一条引用/回复消息：
""#【三月周分享-第2??周】您有参与嘛？成功两周会额外获得200成长豆！?

?无需邀好友，分享并上传即可攒豆换礼物

?柯南卡游盲盒  ?儿童望远镜
?小马宝莉盲盒 ?炫酷铝合金车 

?操作流程：点击链接→生成海报发朋友圈→截图上传→审核通过成长豆到账→手动兑换礼物

?【https://tef8.cn/wtv7Rs】上传截图也是点这个哦""
------
奶奶点这个地方上传一下哟。
老师：每周这都是这个活动链接哈[嘿哈]
用户：这个队不
用户：刚才没通过
老师：您稍等一下，我看一下刚才为什么没过。
用户：还是没通过
用户：现在是这个，还是没通过
用户：嗯，嗯，好的谢谢老师，辛苦了
用户：好的，谢谢小知老师
用户：这不是还早的么，放心，我会给孩子报的
用户：这个星期还发海报么
用户：发上了
用户：好的，谢谢小知老师
老师：米乐奶奶，本周周分享的30豆豆到账了哦
用户：谢谢小知老师
用户：小知老师，我收到书了
老师：这是一条引用/回复消息：
""小知老师，我收到书了""
------
好的呢~
用户：好的，好的，小知老师
用户：小知老师，刚上传了
用户：通过了",M2,"课程表现：
行为习惯：
生活情况：孩子由奶奶照顾
家长需求：
规划安排：家长表示会给孩子报课
沟通态度：回复积极"
2025/9/16 9:39,INFO,sum_yy,"用户：老师，想问一下，识字的怎么开通
老师：米乐奶奶，您说的是哪个识字啊
老师：是一阶有送叫叫识字吗？还是说二阶配套的识字内容啊？
用户：下周一开始，没有绘本么
用户：我还在老家，忘了，不好意思
用户：今天就开始学习了么
用户：还在老家有点事情，所以我怕错过了，谢谢老师
用户：不好意思，老师，辛苦了
用户：乐乐现在出去玩了，一会回家让他给老师说
老师：好嘞
用户：小知老师，我不会做，是不是生个二维码发个朋友圈呢
用户：你操作一下发给我，我看着视频操作
老师：奶奶，我这边给您发了一个视频，您可以按照这个操作一下
用户：嗯，嗯，好的",M0,"课程表现：
行为习惯：
生活情况：孩子由奶奶照顾，奶奶在老家有事，孩子出去玩了
家长需求：询问识字课程开通方式、课程绘本安排及操作方法
规划安排：
沟通态度：回复积极，主动沟通"
2025/9/16 9:39,INFO,sum_yy,"用户：小毛球在公园意外滑梯，叫叫在这里床上睡觉，铃铛在舞台上讲故事，朱小丽在学校的桌子上吃蛋糕，我在桌子上。吃，我在桌子上吃。本来就是，他是节子。
老师：姐姐收到啊你了，好棒呀，今天我们又认识到了，出现失望的情绪应该怎么去处理，每个人都有失望的时候，对吧？但是没有什么大不了的，如果说我们确实难受的话，就可以和爸爸妈妈，也可以和奶奶一起去讨论讨论怎么去把它解决了，一定要大声的说出来。
用户：小子姐姐，这是舅舅在沙滩上玩小汽车，猪，这是猪，小弟在公园里玩纸飞机，是应当在舞台上跳舞，就是妮妮在桌子上吃蛋糕。然后还有我在。书桌上。学习。
老师：米乐，你太棒了，会本上的小游戏你都已经挑战成功了呀。314说的很棒吧？
用户：小知老师，我发朋友圈了没有短信，不知道通过了么
老师：我这块给您查了一下，他目前还是待审核的状态。咱们可以等一等，应该明天就能够知道有没有通过了。因为他这会儿的话，可能审核的下班吧。
用户：朱小丽和叫叫在家里玩游戏。
老师：对啦对啦，我们米勒非常的棒，也很严谨呐，除了有猪小弟，我们发现了，还有教教他们在家里玩游戏。
用户：应当在图书馆的角落里看书。笑笑在。洗在洗手间里插眼，猪小弟在餐厅里吃饭。小毛桥在头条草。踢足球，还有我在餐桌上吃零食。
用户：嗯嗯，小吃姐姐。
用户：哎呀，这学会学个人真爱子好好说天。
老师：对的对的，米勒你特别棒，你自己观察图片说出了三要素，句子说的非常棒呢。
用户：踢足球啦，帽子头上戴，披风身上穿，足球手上拿，比赛开始啦。
用户：小猪姐姐说完了。
老师：米乐宝贝，你这会儿都已经放学了呀，你把昨天的这个儿子都已经唱会了呀。
老师：姐姐身上没了今天的阅读小打卡吧，那宝贝你读完今天的故事之后，能告诉姐姐，嗯，笑笑，今天啊，他想出来的最好的理由是什么呢？
用户：小智姐姐叫叫小厨，最好理由是我我，我起晚了，这叫什么呀，这个家诚实，诚实。
老师：对啦对啦，佳佳一路上想了那么多理由，最后呢，还是选择实话实说，对不对呀？所以最棒的理由就是诚实。
用户：小芝姐姐，严丹把果汁撒到了叫叫身上，嗯嗯，严刚是说对不起，叫叫是说没关系。
老师：对啦对啦，那你那肯定在平时生活当中也是一个非常懂礼貌的小朋友呢，说的很棒。
老师：你的奶奶，我收到咱们宝贝完成了那个季度小测试了，因为是对前三个月的一个内容回顾嘛，我看到你的他确确实实真的是把所有的内容都记得非常清楚，我们一定要好好的去表扬表扬他，因为小朋友嘛哈，本身现在就是容易呃，记得快忘了也快的，但是如果说他真的是把这些小问题都能够回答正确的话，说明他确实自己嘛，也是在阅读过程当中非常上心，专注力也是很高的，然后呢，我们最后一个三要素表达，这里宝贝真的是说的非常的清晰呢，他能够把每一个地点呀描述的非常仔细，所以我觉得这些地方宝贝真的是掌握的很棒的，一定要多夸一夸他，给他树立自信心，告诉姐，告诉他，姐姐今天又来表扬他了。
用户：好的，好的，下午回来的时候给他说，小知姐姐特别表扬你
老师：你们有没有在幼儿园里面也遇到过故事里面这些出现的场景呢？是不是有的时候呀，因为他们可以不告诉我们，自己就可以去解决了，那宝贝你在幼儿园里面，你觉得哪些事情一定一定要告诉老师呢？
用户：小子姐姐，我在学校可以说有人偷东西了，要告诉老师，还可以说有人受伤了，要告诉老师，还得说有人在做危险动作，还有人可以，还有可以说。幼儿园播发公共场所。啊，嗯，你有告诉我，哎，高学老师。
用户：你好，很高兴见到您。妮妮，你好，我也很高兴见到你，对不起，不小心踩到你了，没关系。谢谢你。分享完就给我对。不，不客气。再见，下次再一起玩。拜拜，下次也一起玩。
老师：对啦对啦，你都太棒啦，姐姐每次给你留的小问题都拦不住你呢。
用户：大黑和朱小弟发生了什么？大黑和朱小鸡发生的事情是吵架，因为大黑不让朱小弟去滑滑梯上玩，朱小弟想去，可是大黑仙如，如果你去滑滑梯上玩，我就把你绑在树上。嗯，是如果我被别人收的，可以告诉他的爸爸妈妈，或者可以告诉我的家长，还可以找我朋友帮忙，可以告诉老师和园长。
用户：什么软软口在口中肠，口中肠，小小舌头这口中肠。什么白白排两行，牙齿白白排两行。
老师：对了对了，我们米乐宝贝非常认真，姐姐给你留的小问题又回答的非常好呢。遇到别人欺负我们的情况下，我们一定要告诉他这样做是不对的，我是会生气的，如果说他还是不接受，他还是没办法解决的话，我们就一定要告诉爸爸妈妈，或者是找老师院长的帮助。
用户：小知老师，这个上传不了
用户：上传截图，点不开
老师：诶，那你要先点那个分享到朋友圈，就是把那个海报嗯先保存，然后保存到咱们手机里面，像平时的那个周周分享一样发到朋友圈，然后要等两个小时之后再截图再上传，因为因为您正常去生成分享之后，它会有一个时间的，这一次的话就必须是两个小时。
用户：因为。
用户：小子姐姐，因为猪，因为笑，笑把猪小弟刚搭的大汽车弄塌了。
老师：对的对的，那你要记得非常清楚呢，娇姐好几次都把朱小弟搭的这个积木小汽车给弄倒了，所以说朱小弟就特别的生气，他这样子是不对的。
老师：聪明的米勒宝贝，那姐姐今天又来考你小问题了哟，你明想着大家一起玩的时候，他要怎么做呀？
用户：1呀。
用户：小子姐姐，小子姐姐也想跟大家一起玩的时候，是自姐的微笑。嗯。
用户：小枝姐姐第一个家教说的是，嗯。很害怕，你的表情是轰隆隆轰隆隆，外面打雷了，这集回来了。害怕的说，害怕的说，我给打来了啊，这就是你害怕的声音啊。第二个呢，第二个是。就是江苏，江苏公园，这是什么语气在说？就是没套什么生气的说，真不公平，这个呢。就是家长说，就是我今天要公布这什么表现什么说啊。开心的说，是，是，老弟姐问过，嗯，怎么呢？老师一定不爱我了，这是什么表情？嗯，难过的表情。
老师：嗯，我问你呢，你太可爱了，你把这些表情发生了一些小故事都给姐姐想出来了呢，绘声绘色的。
老师：可能你的每天都读的特别认真，所以姐姐给你留的小问题也是比较难的，那姐姐今天来考一考你哈，那如果说生活当中我们觉得嗯受到了不不公平的对待的话，你会怎么去处理呢？作为今天的故事之后。
用户：你运到不公平是不是就很生气啊，有大怪兽啦啊，那个，那然后大怪兽怎么啦，然后大怪兽把大怪兽关起来，用不争草的方式跟别人讨论，说出你自己的想法，然后还可以告诉你的爸爸妈妈。
用户：下。小子姐姐。嗯。
老师：雨乐，你太棒了，姐姐太为你骄傲了，回答的非常棒了。我们先把心中那个大怪兽给它关起来，冷静一下，然后说出自己的想法，跟爸爸妈妈也可以讨论商量商量。
用户：小七姐姐眼就是是眼袋。害羞实验红扑扑。不就是眼睛一眨一眨呀，尖尖就是。鼻，鼻就是鼻子，用来闻气味，嗅来嗅去闻气味，耳就是耳朵呀，用来听声音。
老师：你们，你好棒呀，每次我们周四学了新儿歌之后，你就会分享给姐姐呢，唱的非常好听。
老师：你呢，今天有什么事情找姐姐吗？姐姐今天嗯，有点事情就出去了，没有看这个手机，这会儿才看到已经收到你的小分享吗？我们假期咱们宝贝还是非常积极的嘛。
老师：觉得你太可爱了，每天分享故事的时候，讲故事都是绘声绘色的，还有肢体的表达，那非常棒。然后今天我们学了很多的安全标志，宝贝，你在平时放学的路上说不定就能够遇到他呢，到时候你就可以和你的小伙伴讲一讲这是什么标识，代表什么意思。
用户：导致姐姐豆豆和妈妈在人行道上等车，等车走完了，他们再找。那叫什么是红绿灯，红是红绿灯。
用户：小芝姐姐，我和奶奶在超市找丢了第一件事在原地不动，第二个是找超市的工作人员帮忙。
老师：嗯，我们理论说的非常棒，如果说不小心走丢了的话，要么我们就在原地等待，来来过来找我们对不对，要么呢，就求助超市里面的工作人员。
用户：哦，芝姐姐，眉毛眉毛动一动，眼睛眼睛眨一眨，碰一碰，小心脏。不穿不成气。碰上，小声道，扑。
用户：小枝姐姐，眉毛眉毛动一动，眼睛眼睛眨一眨，揉摸我的小心脏，扑通扑通跳。
用户：小智姐姐，如果我玩的时候有陌生人过来诱他，我就说不吃。我肚子不饿啊。
老师：对的呢，我们面对陌生人的一些诱惑，这时候一定要学会拒绝，陌生人给的东西我们都不要，我们如果真的想吃的话，可以找爸爸妈妈，找奶奶给你买，对不对？而且呀，可以往人多的地方去，告诉爸爸妈妈不要害怕。",M4,"课程表现：孩子学习积极，能清晰表达句子、准确回答问题，掌握课程内容且能将其运用到生活场景
行为习惯：
生活情况：孩子可能由奶奶照顾，家长和孩子交流课程并参与课程分享活动
家长需求：
规划安排：
沟通态度：积极主动与老师沟通孩子课程表现及遇到的问题"
